experiment,experiment_description,metric_focus,scenario,dataset,partition,dirichlet_alpha,model,train_size,test_size,num_clients,malicious_clients,global_rounds,local_epochs,attack,attack_scale,poison_fraction,trigger_pattern,trigger_position,public_source,public_fraction,method,clean_acc,clean_loss,asr,runtime_sec,method_note,history_storage_mb,fedrecover_warmup_rounds,fedrecover_requested_warmup_rounds,fedrecover_warmup_adjusted_to_satisfy_Tw_gt_s,fedrecover_correction_period,fedrecover_final_tuning_rounds,fedrecover_requested_final_tuning_rounds,fedrecover_lbfgs_buffer_size,fedrecover_tau,fedrecover_tolerance_rate,fedrecover_update_convention,exact_rounds,estimated_rounds,periodic_rounds,final_tuning_rounds,exact_client_updates,estimated_client_updates,abnormality_fixes,fallback_exact_updates,train_from_scratch_client_updates,average_cost_saving_percentage,crab_adaptive_rollback_round,crab_sensitivity_threshold,crab_cumulative_sensitivity,crab_cumulative_retained_norm,crab_sensitivity_considered_rounds,crab_rollback_policy,selected_rounds,selected_round_ids,used_clients,skipped_rounds,calibration_rounds,selected_clients_by_round,remaining_selected_clients_by_round,crab_windows,crab_num_windows,crab_train_loss_first,crab_train_loss_last,crab_select_round_ratio,crab_select_client_ratio,crab_loss_drop_alpha,crab_removed_client_source,crab_removed_clients,crab_recovery_mode,fedup_rate_limit_rounds,fedup_last_unlearning_round,fedup_detection_round,fedup_rate_limit_allowed,fedup_reference_history_index,fedup_reference_round,fedup_local_model_source,fedup_update_convention,fedup_similarity,fedup_similarity_z,fedup_similarity_source,fedup_p_min,fedup_p_max,fedup_gamma,fedup_detection_source,fedup_remaining_source,fedup_global_before_source,fedup_detected_unlearn_clients,fedup_remaining_clients,fedup_unlearn_last_round,fedup_remaining_last_round,fedup_benign_majority_assumption_ok,pruned_params,prunable_params,total_params,prune_ratio,fedup_prune_policy,fedup_layer_pruned,fedup_recovery_rounds,fedup_recovery_round_bound,fedup_recovery_round_policy,fedup_recovery_optimizer,fedup_recovery_lr,fedup_recovery_local_epochs,fedup_last_round_storage_bytes,fedup_last_round_storage_mb,detected_malicious,fedsweep_true_malicious,fedsweep_precision,fedsweep_recall,fedsweep_true_positive,fedsweep_false_positive,fedsweep_false_negative,fedsweep_entropies,fedsweep_entropy_norm,fedsweep_clusters,fedsweep_updated_credit,fedsweep_trigger_loss,fedsweep_trigger_ce,fedsweep_trigger_reg,fedsweep_trigger_l1_norm,fedsweep_trigger_tv_loss,fedsweep_trigger_delta_mean,fedsweep_trigger_delta_max,fedsweep_trigger_active_pixels,fedsweep_trigger_generator,fedsweep_trigger_position,fedsweep_credit_usage,fedsweep_trigger_success,fedsweep_unlearned_clients,fedsweep_unlearn_epochs,fedsweep_unlearn_lr,fedsweep_feature_weight,fedsweep_clean_weight,fedsweep_reference_history_index,fedsweep_defense_round,fedsweep_reference_round,fedsweep_reference_clients,fedsweep_local_model_source,fedsweep_paper_faithful_step4_loader,unlearning_backdoor_step1,unlearning_backdoor_step2,unlearning_backdoor_alpha,unlearning_backdoor_temperature,unlearning_backdoor_kd_epochs,unlearning_backdoor_kd_lr,unlearning_backdoor_optimizer,unlearning_backdoor_public_batches,unlearning_backdoor_kd_mean_loss,unlearning_backdoor_kd_mean_kl,unlearning_backdoor_kd_mean_ce,ul_subtract_clean_acc,ul_subtract_clean_loss,ul_subtract_asr,removed_clients,removed_client_source,aggregation_warning,removed_update_count,attacker_participating_rounds,sum_removed_update_norms,removed_norm,stored_client_summaries,removed_norm_client_0,removed_norm_client_1,removed_norm_client_2,removed_norm_client_3,fast_unlearning_order,fast_weighted_contribution,fast_over_unlearning_tolerance,fast_accepted_rounds,fast_considered_rounds,fast_stopped_early,fast_stop_round,fast_removed_norm,fast_benchmark_acc_before_extra,fast_benchmark_loss_before_extra,fast_step_trace,fast_target_clients,fast_target_client_source,fast_extra_epochs,fast_extra_lr,fast_extra_optimizer,true_malicious,mcc_detection_precision,mcc_detection_recall,mcc_detection_tp,mcc_detection_fp,mcc_detection_fn,mcc_detection_policy,mcc_detection_scores,mcc_initial_K,mcc_final_K,mcc_tau,mcc_per_client_K,mcc_noise_std,mcc_alpha,mcc_regularization_scale,mcc_regularization_mode,mcc_unlearn_rounds_run,mcc_unlearn_rounds_max,mcc_stopped_by_tau,mcc_stop_round,mcc_benign_clients_used,mcc_contribution_init,mcc_contribution_removed_norm,mcc_contribution_removed_updates,mcc_K_trace,mcc_round_trace
efficiency,Runtime and storage-cost comparison on representative settings.,"runtime_sec, history_storage_mb, method-specific storage fields",synthetic_dirichlet_alpha05_backdoor_square,synthetic,dirichlet,0.5,smallcnn,15000,3000,20,4,60,2,backdoor,1.0,0.7,square,bottom_right,test_split,0.5,Poisoned,1.0,0.00011675704394777616,1.0,64.75811249998515,trained_with_malicious_clients,,,,,,,,,,,,,,,,,,,,,,,,,,,,,,,,,,,,,,,,,,,,,,,,,,,,,,,,,,,,,,,,,,,,,,,,,,,,,,,,,,,,,,,,,,,,,,,,,,,,,,,,,,,,,,,,,,,,,,,,,,,,,,,,,,,,,,,,,,,,,,,,,,,,,,,,,,,,,,,,,,,,,,,,,,,,,,,,,,,,,,
efficiency,Runtime and storage-cost comparison on representative settings.,"runtime_sec, history_storage_mb, method-specific storage fields",synthetic_dirichlet_alpha05_backdoor_square,synthetic,dirichlet,0.5,smallcnn,15000,3000,20,4,60,2,backdoor,1.0,0.7,square,bottom_right,test_split,0.5,RetrainClean,1.0,0.00010497923071185748,0.0,39.03067259999807,,484.6160888671875,,,,,,,,,,,,,,,,,,,,,,,,,,,,,,,,,,,,,,,,,,,,,,,,,,,,,,,,,,,,,,,,,,,,,,,,,,,,,,,,,,,,,,,,,,,,,,,,,,,,,,,,,,,,,,,,,,,,,,,,,,,,,,,,,,,,,,,,,,,,,,,,,,,,,,,,,,,,,,,,,,,,,,,,,,,,,,,,,,,,,
efficiency,Runtime and storage-cost comparison on representative settings.,"runtime_sec, history_storage_mb, method-specific storage fields",synthetic_dirichlet_alpha05_backdoor_square,synthetic,dirichlet,0.5,smallcnn,15000,3000,20,4,60,2,backdoor,1.0,0.7,square,bottom_right,test_split,0.5,FedRecover,1.0,0.00011306080718835194,0.0,30.740818099991884,fedrecover_paper_faithful_lbfgs_warmup_periodic_abnormality_final_tuning,484.6160888671875,20,20,False,10,6,6,2,0.20542439818382263,1e-06,delta,29,31,3,6,468,496,4,0,960,51.24999999999999,,,,,,,,,,,,,,,,,,,,,,,,,,,,,,,,,,,,,,,,,,,,,,,,,,,,,,,,,,,,,,,,,,,,,,,,,,,,,,,,,,,,,,,,,,,,,,,,,,,,,,,,,,,,,,,,,,,,,,,,,,,,,,,,,,,,,,,,,,,,,,,,,,,,,,,,,,,,,,,,,
efficiency,Runtime and storage-cost comparison on representative settings.,"runtime_sec, history_storage_mb, method-specific storage fields",synthetic_dirichlet_alpha05_backdoor_square,synthetic,dirichlet,0.5,smallcnn,15000,3000,20,4,60,2,backdoor,1.0,0.7,square,bottom_right,test_split,0.5,Crab,1.0,0.0008149028917153676,0.0,21.659436199988704,official_crab_selection_adaptive_rollback_norm_calibrated_update_recovery,484.6160888671875,,,,,,,,,,,,,,,,,,,,,0,0.05,0.9234649767167866,3.7567091623786837,36,latest_round_under_cumulative_beta_bound,36,"0,1,2,3,4,5,6,7,8,9,10,11,12,13,14,15,16,18,20,22,24,26,28,31,35,37,40,42,44,46,49,50,52,53,55,57",473,0,36,"0:4,19,5,14,9,15,7,1,6,12,13,16,0,17;1:19,6,14,5,7,4,9,15,17,16,8,12,13,10;2:19,6,14,5,7,12,8,10,9,4,16,15,1,13;3:1,19,6,5,14,3,9,16,7,0,4,17,8,15;4:1,3,2,0,19,6,14,5,9,7,15,4,8,12;5:1,3,0,2,14,19,10,6,4,18,12,9,7,5;6:19,6,14,5,7,4,8,9,12,10,17,15,13,16;7:19,6,14,5,4,7,8,10,9,12,15,17,13,16;8:19,6,14,5,4,7,10,8,12,9,17,1,15,13;9:19,6,14,5,4,7,10,9,12,8,1,17,15,13;10:19,6,14,10,5,4,7,1,12,9,8,17,13,15;11:19,6,14,10,5,4,7,8,12,1,9,17,15,13;12:6,19,10,14,5,4,7,1,12,8,9,17,13,15;13:6,19,10,14,5,4,7,1,9,12,8,17,16,13;14:6,19,10,5,14,4,7,8,12,1,9,17,18,15;15:10,19,6,14,5,4,7,1,8,12,9,17,13,18;16:6,10,19,5,14,7,4,12,1,8,9,17,13,16;18:6,19,10,5,14,7,4,8,12,1,9,17,13,16;20:10,6,19,5,14,4,7,12,8,1,9,17,13,16;22:6,10,19,14,5,7,4,12,8,9,1,17,18,13;24:6,10,14,19,7,5,8,12,4,9,17,1,16,18;26:6,10,19,5,7,14,4,8,12,17,9,1,13,16;28:6,10,19,14,5,7,4,8,12,9,17,1,13,18;31:6,10,19,5,14,4,7,8,12,17,9,13,1,16;35:6,10,19,5,14,7,4,8,12,9,17,13,18,16;37:10,6,19,7,14,5,4,8,12,17,9,13,1,18;40:10,6,5,19,14,4,7,8,12,17,9,13,16,18;42:6,10,19,5,7,14,8,4,12,17,9,13,18,15;44:10,6,5,19,7,14,4,8,12,17,9,13,16,18;46:6,10,5,19,14,7,4,8,17,12,9,18,13,16;49:6,10,5,19,14,7,8,4,17,12,9,18,13,16;50:10,6,5,19,4,7,14,8,12,9,17,13,16,18;52:10,6,5,19,7,14,4,8,17,12,9,16,18,13;53:10,6,19,5,14,4,7,8,17,12,9,13,18,16;55:6,5,10,19,8,4,14,7,12,17,9,18,16,13;57:6,10,5,19,7,8,14,4,12,9,17,18,13,16","0:4,19,5,14,9,15,7,6,12,13,16,17;1:19,6,14,5,7,4,9,15,17,16,8,12,13,10;2:19,6,14,5,7,12,8,10,9,4,16,15,13;3:19,6,5,14,9,16,7,4,17,8,15;4:19,6,14,5,9,7,15,4,8,12;5:14,19,10,6,4,18,12,9,7,5;6:19,6,14,5,7,4,8,9,12,10,17,15,13,16;7:19,6,14,5,4,7,8,10,9,12,15,17,13,16;8:19,6,14,5,4,7,10,8,12,9,17,15,13;9:19,6,14,5,4,7,10,9,12,8,17,15,13;10:19,6,14,10,5,4,7,12,9,8,17,13,15;11:19,6,14,10,5,4,7,8,12,9,17,15,13;12:6,19,10,14,5,4,7,12,8,9,17,13,15;13:6,19,10,14,5,4,7,9,12,8,17,16,13;14:6,19,10,5,14,4,7,8,12,9,17,18,15;15:10,19,6,14,5,4,7,8,12,9,17,13,18;16:6,10,19,5,14,7,4,12,8,9,17,13,16;18:6,19,10,5,14,7,4,8,12,9,17,13,16;20:10,6,19,5,14,4,7,12,8,9,17,13,16;22:6,10,19,14,5,7,4,12,8,9,17,18,13;24:6,10,14,19,7,5,8,12,4,9,17,16,18;26:6,10,19,5,7,14,4,8,12,17,9,13,16;28:6,10,19,14,5,7,4,8,12,9,17,13,18;31:6,10,19,5,14,4,7,8,12,17,9,13,16;35:6,10,19,5,14,7,4,8,12,9,17,13,18,16;37:10,6,19,7,14,5,4,8,12,17,9,13,18;40:10,6,5,19,14,4,7,8,12,17,9,13,16,18;42:6,10,19,5,7,14,8,4,12,17,9,13,18,15;44:10,6,5,19,7,14,4,8,12,17,9,13,16,18;46:6,10,5,19,14,7,4,8,17,12,9,18,13,16;49:6,10,5,19,14,7,8,4,17,12,9,18,13,16;50:10,6,5,19,4,7,14,8,12,9,17,13,16,18;52:10,6,5,19,7,14,4,8,17,12,9,16,18,13;53:10,6,19,5,14,4,7,8,17,12,9,13,18,16;55:6,5,10,19,8,4,14,7,12,17,9,18,16,13;57:6,10,5,19,7,8,14,4,12,9,17,18,13,16","start=0,end=1,start_loss=2.304712,end_loss=1.917332,selected=0;start=1,end=2,start_loss=1.917332,end_loss=0.269928,selected=1;start=2,end=3,start_loss=0.269928,end_loss=0.044333,selected=2;start=3,end=4,start_loss=0.044333,end_loss=0.018955,selected=3;start=4,end=5,start_loss=0.018955,end_loss=0.010130,selected=4;start=5,end=6,start_loss=0.010130,end_loss=0.006587,selected=5;start=6,end=7,start_loss=0.006587,end_loss=0.003998,selected=6;start=7,end=8,start_loss=0.003998,end_loss=0.002809,selected=7;start=8,end=9,start_loss=0.002809,end_loss=0.002142,selected=8;start=9,end=10,start_loss=0.002142,end_loss=0.001717,selected=9;start=10,end=11,start_loss=0.001717,end_loss=0.001426,selected=10;start=11,end=12,start_loss=0.001426,end_loss=0.001212,selected=11;start=12,end=13,start_loss=0.001212,end_loss=0.001051,selected=12;start=13,end=14,start_loss=0.001051,end_loss=0.000925,selected=13;start=14,end=15,start_loss=0.000925,end_loss=0.000825,selected=14;start=15,end=16,start_loss=0.000825,end_loss=0.000741,selected=15;start=16,end=18,start_loss=0.000741,end_loss=0.000614,selected=16;start=18,end=20,start_loss=0.000614,end_loss=0.000522,selected=18;start=20,end=22,start_loss=0.000522,end_loss=0.000451,selected=20;start=22,end=24,start_loss=0.000451,end_loss=0.000397,selected=22;start=24,end=26,start_loss=0.000397,end_loss=0.000353,selected=24;start=26,end=28,start_loss=0.000353,end_loss=0.000317,selected=26;start=28,end=31,start_loss=0.000317,end_loss=0.000274,selected=28;start=31,end=34,start_loss=0.000274,end_loss=0.000240,selected=31;start=34,end=37,start_loss=0.000240,end_loss=0.000214,selected=35;start=37,end=40,start_loss=0.000214,end_loss=0.000192,selected=37;start=40,end=44,start_loss=0.000192,end_loss=0.000169,selected=40,42;start=44,end=48,start_loss=0.000169,end_loss=0.000150,selected=46,44;start=48,end=52,start_loss=0.000150,end_loss=0.000135,selected=49,50;start=52,end=57,start_loss=0.000135,end_loss=0.000119,selected=53,55,52;start=57,end=59,start_loss=0.000119,end_loss=0.000114,selected=57",31,2.3047116742451985,0.00011411536413943395,0.6,0.7,0.1,detected_malicious_clients,"0,1,2,3",adaptive_rollback_chained_selective_recovery,,,,,,,,,,,,,,,,,,,,,,,,,,,,,,,,,,,,,,,,,,,,,,,,,,,,,,,,,,,,,,,,,,,,,,,,,,,,,,,,,,,,,,,,,,,,,,,,,,,,,,,,,,,,,,,,,,,,,,,,,,,,,,,,,,,,,,,,,,
efficiency,Runtime and storage-cost comparison on representative settings.,"runtime_sec, history_storage_mb, method-specific storage fields",synthetic_dirichlet_alpha05_backdoor_square,synthetic,dirichlet,0.5,smallcnn,15000,3000,20,4,60,2,backdoor,1.0,0.7,square,bottom_right,test_split,0.5,FedUP,1.0,0.0,0.0,6.60015939999721,fedup_algorithm1_algorithm2_detected_clients_autoP_rate_limit_recovery,484.6160888671875,,,,,,,,,,,,,,,,,,,,,,,,,,,,,,,,,,,,,,,,,,,,10,-1000000000,59,1,59,59,local_model_vectors,model,0.99999936881922,0.99999873763844,model,0.01,0.15,5.0,context_detector_output,all_clients_minus_detected,record_global_before,4,16,4,16,1,15863,105744,105866,0.149999116349139,auto_similarity_paper_formula,"{'features.0.weight': 22, 'features.3.weight': 692, 'classifier.1.weight': 15053, 'classifier.3.weight': 96}",9,9,paper_bound_ceil_Rstar_times_P,adam,0.001,2,8892744,8.480781555175781,,,,,,,,,,,,,,,,,,,,,,,,,,,,,,,,,,,,,,,,,,,,,,,,,,,,,,,,,,,,,,,,,,,,,,,,,,,,,,,,,,,,,,,,,,,,,,,,,,,,,,
efficiency,Runtime and storage-cost comparison on representative settings.,"runtime_sec, history_storage_mb, method-specific storage fields",synthetic_dirichlet_alpha05_backdoor_square,synthetic,dirichlet,0.5,smallcnn,15000,3000,20,4,60,2,backdoor,1.0,0.7,square,bottom_right,test_split,0.5,FedSweep,1.0,0.00017105857531229656,0.2233651726671565,4.126262100005988,strict_v3_1_fedsweep_trigger_inversion_entropy_credit_weighted_kmeans_feature_unlearning_formal_aggregation,484.6160888671875,,,,,,,,,,,,,,,,,,,,,,,,,,,,,,,,,,,,,,,,,,,,,,,,,,,,,,,,,,,,,,,,,,,,,,,,,,,,,,,,0;1;2;3,0;1;2;3,1.0,1.0,4,0,0,0:0.008999;1:0.008077;2:0.009503;3:0.008192;4:0.013147;5:0.011598;6:0.011968;7:0.012900;8:0.011604;9:0.011801;10:0.012452;11:0.012754;12:0.012153;13:0.010952;14:0.011271;15:0.012818;16:0.011379;17:0.013482;18:0.012611;19:0.013799,0:0.161;1:0.000;2:0.249;3:0.020;4:0.886;5:0.615;6:0.680;7:0.843;8:0.616;9:0.651;10:0.765;11:0.817;12:0.712;13:0.502;14:0.558;15:0.828;16:0.577;17:0.945;18:0.792;19:1.000,0:0;1:0;2:0;3:0;4:1;5:1;6:1;7:1;8:1;9:1;10:1;11:1;12:1;13:1;14:1;15:1;16:1;17:1;18:1;19:1,0:0.900;1:0.900;2:0.900;3:0.900;4:1.000;5:1.000;6:1.000;7:1.000;8:1.000;9:1.000;10:1.000;11:1.000;12:1.000;13:1.000;14:1.000;15:1.000;16:1.000;17:1.000;18:1.000;19:1.000,0.015349356457591057,0.001833810587413609,0.01351554598659277,13.515544891357422,0.00903185736387968,0.017239214852452278,0.8489991426467896,16,patch,bottom_right,feature_and_sample_weight,1,4,2,0.003,0.3,2.0,59,-1,59,20,stored_history_record,public_clean_loader,,,,,,,,,,,,,,,,,,,,,,,,,,,,,,,,,,,,,,,,,,,,,,,,,,,,,,,,,,,,,,,,,,,,
efficiency,Runtime and storage-cost comparison on representative settings.,"runtime_sec, history_storage_mb, method-specific storage fields",synthetic_dirichlet_alpha05_backdoor_square,synthetic,dirichlet,0.5,smallcnn,15000,3000,20,4,60,2,backdoor,1.0,0.7,square,bottom_right,test_split,0.5,UnlearningBackdoor,1.0,0.0001336063308020433,0.0,0.24972329998854548,paper_faithful_historical_update_subtraction_plus_clean_kd,484.6160888671875,,,,,,,,,,,,,,,,,,,,,,,,,,,,,,,,,,,,,,,,,,,,,,,,,,,,,,,,,,,,,,,,,,,,,,,,,,,,,,,,,,,,,,,,,,,,,,,,,,,,,,,,,,,,,,,,,,UL-Subtract,UL-Distill,1.0,2.0,4,0.02,sgd,96,0.040951801180199254,0.040951801180199254,0.0,0.9073333333333333,0.43227635192871094,0.0,0;1;2;3,detected_malicious_clients,,240.0,60.0,1.4674532987264683,1.0853384733200073,4.0,0.3060864508152008,0.5874356627464294,0.1053888127207756,0.1699001044034958,,,,,,,,,,,,,,,,,,,,,,,,,,,,,,,,,,,,,,,,,,
efficiency,Runtime and storage-cost comparison on representative settings.,"runtime_sec, history_storage_mb, method-specific storage fields",synthetic_dirichlet_alpha05_backdoor_square,synthetic,dirichlet,0.5,smallcnn,15000,3000,20,4,60,2,backdoor,1.0,0.7,square,bottom_right,test_split,0.5,FAST,1.0,0.0012330512007077536,0.0,0.41194479999830946,fast_sequential_malicious_update_subtraction_over_unlearning_judge_benchmark_extra_training,484.6160888671875,,,,,,,,,,,,,,,,,,,,,,,,,,,,,,,,,,,,,,,,,,,,,,,,,,,,,,,,,,,,,,,,,,,,,,,,,,,,,,,,,,,,,,,,,,,,,,,,,,,,,,,,,,,,,,,,,,,,,,,,,,,,,,,,,,,,,,,,,,,,forward,0,0.01,11,12,1,11,0.8507192134857178,0.94,0.11117690261205038,"r=0,N=20,J=4,norm=0.180566,prev_acc=1.000000,cur_acc=1.000000,accepted=1,stopped=0;r=1,N=20,J=4,norm=0.199269,prev_acc=1.000000,cur_acc=1.000000,accepted=1,stopped=0;r=2,N=20,J=4,norm=0.178446,prev_acc=1.000000,cur_acc=1.000000,accepted=1,stopped=0;r=3,N=20,J=4,norm=0.16543,prev_acc=1.000000,cur_acc=1.000000,accepted=1,stopped=0;r=4,N=20,J=4,norm=0.12293,prev_acc=1.000000,cur_acc=1.000000,accepted=1,stopped=0;r=5,N=20,J=4,norm=0.11368,prev_acc=1.000000,cur_acc=1.000000,accepted=1,stopped=0;r=6,N=20,J=4,norm=0.0209285,prev_acc=1.000000,cur_acc=1.000000,accepted=1,stopped=0;r=7,N=20,J=4,norm=0.0172963,prev_acc=1.000000,cur_acc=0.994667,accepted=1,stopped=0;r=8,N=20,J=4,norm=0.0151024,prev_acc=0.994667,cur_acc=0.988667,accepted=1,stopped=0;r=9,N=20,J=4,norm=0.0132768,prev_acc=0.988667,cur_acc=0.965333,accepted=0,stopped=0;r=10,N=20,J=4,norm=0.0121224,prev_acc=0.965333,cur_acc=0.940000,accepted=0,stopped=0;r=11,N=20,J=4,norm=0.0108339,prev_acc=0.940000,cur_acc=0.918000,accepted=0,stopped=1",0;1;2;3,detected_malicious_clients,4,0.02,sgd,,,,,,,,,,,,,,,,,,,,,,,,,,
efficiency,Runtime and storage-cost comparison on representative settings.,"runtime_sec, history_storage_mb, method-specific storage fields",synthetic_dirichlet_alpha05_backdoor_square,synthetic,dirichlet,0.5,smallcnn,15000,3000,20,4,60,2,backdoor,1.0,0.7,square,bottom_right,test_split,0.5,MCCFed,1.0,0.0005141603052616119,0.0,8.344178100000136,mccfed_detection_contribution_metric_K_regularized_federated_unlearning,484.6160888671875,,,,,,,,,,,,,,,,,,,,,,,,,,,,,,,,,,,,,,,,,,,,,,,,,,,,,,,,,,,,,,,,,,,,,,,,,,,,,,,,0;1;3,,,,,,,,,,,,,,,,,,,,,,,,,,,,,,,,,,,,,,,,,,,,,,,,,,,,,,,,,,,,,,,,,,,,,,,,,,,,0;1;2;3,1.0,0.75,3,0,1,kmeans_malicious_minority_distance_cluster,0:1.618360;1:1.871806;2:1.162704;3:1.891558;4:1.112210;5:1.126059;6:0.737836;7:0.636915;8:0.576809;9:0.919669;10:0.500587;11:0.832174;12:0.886983;13:0.958180;14:0.815851;15:1.057300;16:0.931808;17:0.649985;18:0.601208;19:1.111999,1.0390540758768718,1.0448296864827473,1.0910067796707155,0:1.045250;1:1.046761;3:1.042478,0.01,1.0,1.0,repel_malicious,10,10,False,-1,17,detected_historical_contribution_removed,0.9924113750457764,180,1.039054;1.034620;1.035174;1.036108;1.037198;1.038375;1.039607;1.040877;1.042175;1.043494;1.044830,"round=0,K_before=1.039054,K_after=1.034620,benign_clients=17|round=1,K_before=1.034620,K_after=1.035174,benign_clients=17|round=2,K_before=1.035174,K_after=1.036108,benign_clients=17|round=3,K_before=1.036108,K_after=1.037198,benign_clients=17|round=4,K_before=1.037198,K_after=1.038375,benign_clients=17|round=5,K_before=1.038375,K_after=1.039607,benign_clients=17|round=6,K_before=1.039607,K_after=1.040877,benign_clients=17|round=7,K_before=1.040877,K_after=1.042175,benign_clients=17|round=8,K_before=1.042175,K_after=1.043494,benign_clients=17|round=9,K_before=1.043494,K_after=1.044830,benign_clients=17"
efficiency,Runtime and storage-cost comparison on representative settings.,"runtime_sec, history_storage_mb, method-specific storage fields",mnist_dirichlet_alpha05_backdoor_square,mnist,dirichlet,0.5,smallcnn,15000,3000,20,4,60,2,backdoor,1.0,0.7,square,bottom_right,test_split,0.5,Poisoned,0.9713333333333334,0.08046312395731609,0.9992695398100804,142.93602300001658,trained_with_malicious_clients,,,,,,,,,,,,,,,,,,,,,,,,,,,,,,,,,,,,,,,,,,,,,,,,,,,,,,,,,,,,,,,,,,,,,,,,,,,,,,,,,,,,,,,,,,,,,,,,,,,,,,,,,,,,,,,,,,,,,,,,,,,,,,,,,,,,,,,,,,,,,,,,,,,,,,,,,,,,,,,,,,,,,,,,,,,,,,,,,,,,,,
efficiency,Runtime and storage-cost comparison on representative settings.,"runtime_sec, history_storage_mb, method-specific storage fields",mnist_dirichlet_alpha05_backdoor_square,mnist,dirichlet,0.5,smallcnn,15000,3000,20,4,60,2,backdoor,1.0,0.7,square,bottom_right,test_split,0.5,RetrainClean,0.9713333333333334,0.08799312210083007,0.002191380569758948,103.3400554000109,,484.6160888671875,,,,,,,,,,,,,,,,,,,,,,,,,,,,,,,,,,,,,,,,,,,,,,,,,,,,,,,,,,,,,,,,,,,,,,,,,,,,,,,,,,,,,,,,,,,,,,,,,,,,,,,,,,,,,,,,,,,,,,,,,,,,,,,,,,,,,,,,,,,,,,,,,,,,,,,,,,,,,,,,,,,,,,,,,,,,,,,,,,,,,
efficiency,Runtime and storage-cost comparison on representative settings.,"runtime_sec, history_storage_mb, method-specific storage fields",mnist_dirichlet_alpha05_backdoor_square,mnist,dirichlet,0.5,smallcnn,15000,3000,20,4,60,2,backdoor,1.0,0.7,square,bottom_right,test_split,0.5,FedRecover,0.9706666666666667,0.08533421897888184,0.0007304601899196494,66.99501129999408,fedrecover_paper_faithful_lbfgs_warmup_periodic_abnormality_final_tuning,484.6160888671875,20,20,False,10,6,6,2,0.2229463756084442,1e-06,delta,29,31,3,6,476,496,12,0,960,50.41666666666666,,,,,,,,,,,,,,,,,,,,,,,,,,,,,,,,,,,,,,,,,,,,,,,,,,,,,,,,,,,,,,,,,,,,,,,,,,,,,,,,,,,,,,,,,,,,,,,,,,,,,,,,,,,,,,,,,,,,,,,,,,,,,,,,,,,,,,,,,,,,,,,,,,,,,,,,,,,,,,,,,
efficiency,Runtime and storage-cost comparison on representative settings.,"runtime_sec, history_storage_mb, method-specific storage fields",mnist_dirichlet_alpha05_backdoor_square,mnist,dirichlet,0.5,smallcnn,15000,3000,20,4,60,2,backdoor,1.0,0.7,square,bottom_right,test_split,0.5,Crab,0.96,0.133381046295166,0.003652300949598247,82.9513949000102,official_crab_selection_adaptive_rollback_norm_calibrated_update_recovery,484.6160888671875,,,,,,,,,,,,,,,,,,,,,0,0.05,1.6352024897933006,7.972473360598087,34,latest_round_under_cumulative_beta_bound,34,"0,2,3,4,5,6,7,8,9,11,13,15,17,20,23,24,25,28,29,30,33,34,35,38,39,40,45,46,48,49,52,53,55,57",391,0,34,"0:9,17,11,14,15,10,19,1,4,0,3,2,12,6;2:9,17,10,15,14,12,6,11,19,13,18,16,4,5;3:9,10,15,14,12,8,17,18,19,6,11,16,5,4;4:9,15,10,11,14,16,19,12,5,18,0,17,8,6;5:15,9,11,10,16,18,19,5,14,12,0,6,8,1;6:9,16,10,15,19,11,14,12,18,5,0,6,4,8;7:9,15,14,11,10,19,12,16,18,5,0,1,6,8;8:9,15,11,14,10,18,19,5,16,12,0,1,17,6;9:9,15,14,11,10,16,12,18,19,5,4,6,0,17;11:9,14,11,15,16,12,18,10,19,5,17,0,1,6;13:14,5,15,11,12,18,9,16,10,19,7,8,4,6;15:14,15,11,9,10,5,1,18,12,0,19,16,2,17;17:10,9,15,11,14,5,1,12,19,18,0,16,7,8;20:11,15,14,10,9,5,0,12,1,19,18,2,3,17;23:15,14,9,10,11,1,12,19,8,5,7,17,18,0;24:15,11,14,5,2,1,10,9,12,19,0,17,18,3;25:14,8,16,9,15,10,5,19,18,7,12,1,17,11;28:10,15,11,12,5,9,14,1,7,0,8,19,18,16;29:15,9,11,14,10,19,18,5,17,16,1,0,6,8;30:4,1,15,14,11,12,2,5,19,0,10,17,3,13;33:11,15,14,9,10,1,5,0,19,17,12,18,2,3;34:10,14,15,11,5,12,9,1,19,0,18,16,3,17;35:5,2,7,10,0,12,8,13,9,6,18,14,4,11;38:14,1,15,7,17,5,12,10,11,19,9,3,2,6;39:14,10,11,9,5,15,12,17,1,2,4,0,3,19;40:12,0,1,5,2,17,6,15,4,14,19,7,16,9;45:14,17,9,15,12,0,11,10,1,6,18,2,3,5;46:3,19,16,11,1,5,0,12,18,15,8,4,14,10;48:12,15,14,0,6,5,11,2,16,18,4,10,19,1;49:9,10,14,5,15,11,17,19,1,3,18,0,12,2;52:10,9,15,0,5,11,14,1,18,19,12,2,8,3;53:10,18,0,5,9,12,19,1,17,4,7,11,14,15;55:7,4,12,14,1,5,15,19,10,16,2,17,0,18;57:14,1,12,10,11,15,17,7,2,9,5,0,3,19","0:9,17,11,14,15,10,19,4,12,6;2:9,17,10,15,14,12,6,11,19,13,18,16,4,5;3:9,10,15,14,12,8,17,18,19,6,11,16,5,4;4:9,15,10,11,14,16,19,12,5,18,17,8,6;5:15,9,11,10,16,18,19,5,14,12,6,8;6:9,16,10,15,19,11,14,12,18,5,6,4,8;7:9,15,14,11,10,19,12,16,18,5,6,8;8:9,15,11,14,10,18,19,5,16,12,17,6;9:9,15,14,11,10,16,12,18,19,5,4,6,17;11:9,14,11,15,16,12,18,10,19,5,17,6;13:14,5,15,11,12,18,9,16,10,19,7,8,4,6;15:14,15,11,9,10,5,18,12,19,16,17;17:10,9,15,11,14,5,12,19,18,16,7,8;20:11,15,14,10,9,5,12,19,18,17;23:15,14,9,10,11,12,19,8,5,7,17,18;24:15,11,14,5,10,9,12,19,17,18;25:14,8,16,9,15,10,5,19,18,7,12,17,11;28:10,15,11,12,5,9,14,7,8,19,18,16;29:15,9,11,14,10,19,18,5,17,16,6,8;30:4,15,14,11,12,5,19,10,17,13;33:11,15,14,9,10,5,19,17,12,18;34:10,14,15,11,5,12,9,19,18,16,17;35:5,7,10,12,8,13,9,6,18,14,4,11;38:14,15,7,17,5,12,10,11,19,9,6;39:14,10,11,9,5,15,12,17,4,19;40:12,5,17,6,15,4,14,19,7,16,9;45:14,17,9,15,12,11,10,6,18,5;46:19,16,11,5,12,18,15,8,4,14,10;48:12,15,14,6,5,11,16,18,4,10,19;49:9,10,14,5,15,11,17,19,18,12;52:10,9,15,5,11,14,18,19,12,8;53:10,18,5,9,12,19,17,4,7,11,14,15;55:7,4,12,14,5,15,19,10,16,17,18;57:14,12,10,11,15,17,7,9,5,19","start=0,end=2,start_loss=2.306123,end_loss=1.533064,selected=0;start=2,end=3,start_loss=1.533064,end_loss=1.036269,selected=2;start=3,end=4,start_loss=1.036269,end_loss=0.784471,selected=3;start=4,end=5,start_loss=0.784471,end_loss=0.601498,selected=4;start=5,end=6,start_loss=0.601498,end_loss=0.515943,selected=5;start=6,end=7,start_loss=0.515943,end_loss=0.432904,selected=6;start=7,end=8,start_loss=0.432904,end_loss=0.376077,selected=7;start=8,end=9,start_loss=0.376077,end_loss=0.326953,selected=8;start=9,end=11,start_loss=0.326953,end_loss=0.268145,selected=9;start=11,end=13,start_loss=0.268145,end_loss=0.229613,selected=11;start=13,end=15,start_loss=0.229613,end_loss=0.204528,selected=13;start=15,end=17,start_loss=0.204528,end_loss=0.183587,selected=15;start=17,end=20,start_loss=0.183587,end_loss=0.162413,selected=17;start=20,end=23,start_loss=0.162413,end_loss=0.143324,selected=20;start=23,end=28,start_loss=0.143324,end_loss=0.124546,selected=24,23,25;start=28,end=33,start_loss=0.124546,end_loss=0.110225,selected=29,28,30;start=33,end=38,start_loss=0.110225,end_loss=0.098617,selected=34,35,33;start=38,end=44,start_loss=0.098617,end_loss=0.087871,selected=40,39,38;start=44,end=52,start_loss=0.087871,end_loss=0.078472,selected=45,46,48,49;start=52,end=59,start_loss=0.078472,end_loss=0.070957,selected=53,57,52,55",20,2.3061229672431947,0.07095684561940531,0.6,0.7,0.1,detected_malicious_clients,"0,1,2,3",adaptive_rollback_chained_selective_recovery,,,,,,,,,,,,,,,,,,,,,,,,,,,,,,,,,,,,,,,,,,,,,,,,,,,,,,,,,,,,,,,,,,,,,,,,,,,,,,,,,,,,,,,,,,,,,,,,,,,,,,,,,,,,,,,,,,,,,,,,,,,,,,,,,,,,,,,,,,
efficiency,Runtime and storage-cost comparison on representative settings.,"runtime_sec, history_storage_mb, method-specific storage fields",mnist_dirichlet_alpha05_backdoor_square,mnist,dirichlet,0.5,smallcnn,15000,3000,20,4,60,2,backdoor,1.0,0.7,square,bottom_right,test_split,0.5,FedUP,0.9626666666666667,0.12949294153849283,0.014609203798392988,16.22037470000214,fedup_algorithm1_algorithm2_detected_clients_autoP_rate_limit_recovery,484.6160888671875,,,,,,,,,,,,,,,,,,,,,,,,,,,,,,,,,,,,,,,,,,,,10,-1000000000,59,1,59,59,local_model_vectors,model,0.9994128674893854,0.9988257349787708,model,0.01,0.15,5.0,context_detector_output,all_clients_minus_detected,record_global_before,4,16,4,16,1,15777,105744,105866,0.14917994267727738,auto_similarity_paper_formula,"{'features.0.weight': 22, 'features.3.weight': 688, 'classifier.1.weight': 14971, 'classifier.3.weight': 96}",9,9,paper_bound_ceil_Rstar_times_P,adam,0.001,2,8892744,8.480781555175781,,,,,,,,,,,,,,,,,,,,,,,,,,,,,,,,,,,,,,,,,,,,,,,,,,,,,,,,,,,,,,,,,,,,,,,,,,,,,,,,,,,,,,,,,,,,,,,,,,,,,,
efficiency,Runtime and storage-cost comparison on representative settings.,"runtime_sec, history_storage_mb, method-specific storage fields",mnist_dirichlet_alpha05_backdoor_square,mnist,dirichlet,0.5,smallcnn,15000,3000,20,4,60,2,backdoor,1.0,0.7,square,bottom_right,test_split,0.5,FedSweep,0.9573333333333334,0.1346025619506836,0.008765522279035792,5.0916701999958605,strict_v3_1_fedsweep_trigger_inversion_entropy_credit_weighted_kmeans_feature_unlearning_formal_aggregation,484.6160888671875,,,,,,,,,,,,,,,,,,,,,,,,,,,,,,,,,,,,,,,,,,,,,,,,,,,,,,,,,,,,,,,,,,,,,,,,,,,,,,,,17;0;3;9;1;19,0;1;2;3,0.5,0.75,3,3,1,0:0.002798;1:0.009043;2:0.019106;3:0.005646;4:0.020787;5:0.013859;6:0.012734;7:0.022396;8:0.019291;9:0.007151;10:0.025851;11:0.018318;12:0.026711;13:0.051661;14:0.021948;15:0.021325;16:0.022392;17:0.001317;18:0.016006;19:0.009553,0:0.029;1:0.153;2:0.353;3:0.086;4:0.387;5:0.249;6:0.227;7:0.419;8:0.357;9:0.116;10:0.487;11:0.338;12:0.504;13:1.000;14:0.410;15:0.397;16:0.419;17:0.000;18:0.292;19:0.164,0:0;1:0;2:0;3:0;4:0;5:0;6:0;7:0;8:0;9:0;10:0;11:0;12:0;13:1;14:0;15:0;16:0;17:0;18:0;19:0,0:0.900;1:0.900;2:1.000;3:0.900;4:1.000;5:1.000;6:1.000;7:1.000;8:1.000;9:0.900;10:1.000;11:1.000;12:1.000;13:1.000;14:1.000;15:1.000;16:1.000;17:0.900;18:1.000;19:0.900,0.014507926069200039,0.0004637420061044395,0.014044184237718582,14.044183731079102,0.009404322132468224,0.01791349984705448,0.8857762813568115,16,patch,bottom_right,feature_and_sample_weight,1,6,2,0.003,0.3,2.0,59,-1,59,20,stored_history_record,public_clean_loader,,,,,,,,,,,,,,,,,,,,,,,,,,,,,,,,,,,,,,,,,,,,,,,,,,,,,,,,,,,,,,,,,,,,
efficiency,Runtime and storage-cost comparison on representative settings.,"runtime_sec, history_storage_mb, method-specific storage fields",mnist_dirichlet_alpha05_backdoor_square,mnist,dirichlet,0.5,smallcnn,15000,3000,20,4,60,2,backdoor,1.0,0.7,square,bottom_right,test_split,0.5,UnlearningBackdoor,0.9686666666666667,0.0988269157409668,0.0007304601899196494,0.7842622000025585,paper_faithful_historical_update_subtraction_plus_clean_kd,484.6160888671875,,,,,,,,,,,,,,,,,,,,,,,,,,,,,,,,,,,,,,,,,,,,,,,,,,,,,,,,,,,,,,,,,,,,,,,,,,,,,,,,,,,,,,,,,,,,,,,,,,,,,,,,,,,,,,,,,,UL-Subtract,UL-Distill,1.0,2.0,4,0.02,sgd,96,0.15515876307229823,0.15515876307229823,0.0,0.5993333333333334,2.991758992513021,0.0,0;1;2;3,detected_malicious_clients,,240.0,60.0,3.9158253252971917,1.9633655548095703,4.0,0.7980460524559021,0.9886619448661804,0.41937485337257385,0.34259968996047974,,,,,,,,,,,,,,,,,,,,,,,,,,,,,,,,,,,,,,,,,,
efficiency,Runtime and storage-cost comparison on representative settings.,"runtime_sec, history_storage_mb, method-specific storage fields",mnist_dirichlet_alpha05_backdoor_square,mnist,dirichlet,0.5,smallcnn,15000,3000,20,4,60,2,backdoor,1.0,0.7,square,bottom_right,test_split,0.5,FAST,0.9713333333333334,0.09173144022623698,0.018991964937910884,1.7187496999977157,fast_sequential_malicious_update_subtraction_over_unlearning_judge_benchmark_extra_training,484.6160888671875,,,,,,,,,,,,,,,,,,,,,,,,,,,,,,,,,,,,,,,,,,,,,,,,,,,,,,,,,,,,,,,,,,,,,,,,,,,,,,,,,,,,,,,,,,,,,,,,,,,,,,,,,,,,,,,,,,,,,,,,,,,,,,,,,,,,,,,,,,,,forward,0,0.01,12,13,1,12,1.184072494506836,0.8953333333333333,0.2813916982014974,"r=0,N=20,J=4,norm=0.173457,prev_acc=0.974000,cur_acc=0.974000,accepted=1,stopped=0;r=1,N=20,J=4,norm=0.170207,prev_acc=0.974000,cur_acc=0.972667,accepted=1,stopped=0;r=2,N=20,J=4,norm=0.162077,prev_acc=0.972667,cur_acc=0.970667,accepted=1,stopped=0;r=3,N=20,J=4,norm=0.136608,prev_acc=0.970667,cur_acc=0.968000,accepted=1,stopped=0;r=4,N=20,J=4,norm=0.125742,prev_acc=0.968000,cur_acc=0.964000,accepted=1,stopped=0;r=5,N=20,J=4,norm=0.11615,prev_acc=0.964000,cur_acc=0.958000,accepted=1,stopped=0;r=6,N=20,J=4,norm=0.0997587,prev_acc=0.958000,cur_acc=0.952667,accepted=1,stopped=0;r=7,N=20,J=4,norm=0.0984414,prev_acc=0.952667,cur_acc=0.940000,accepted=0,stopped=0;r=8,N=20,J=4,norm=0.0899622,prev_acc=0.940000,cur_acc=0.926667,accepted=0,stopped=0;r=9,N=20,J=4,norm=0.0634685,prev_acc=0.926667,cur_acc=0.920667,accepted=1,stopped=0;r=10,N=20,J=4,norm=0.067948,prev_acc=0.920667,cur_acc=0.908667,accepted=0,stopped=0;r=11,N=20,J=4,norm=0.0599053,prev_acc=0.908667,cur_acc=0.895333,accepted=0,stopped=0;r=12,N=20,J=4,norm=0.0532892,prev_acc=0.895333,cur_acc=0.876667,accepted=0,stopped=1",0;1;2;3,detected_malicious_clients,4,0.02,sgd,,,,,,,,,,,,,,,,,,,,,,,,,,
efficiency,Runtime and storage-cost comparison on representative settings.,"runtime_sec, history_storage_mb, method-specific storage fields",mnist_dirichlet_alpha05_backdoor_square,mnist,dirichlet,0.5,smallcnn,15000,3000,20,4,60,2,backdoor,1.0,0.7,square,bottom_right,test_split,0.5,MCCFed,0.9646666666666667,0.10630150349934896,0.003652300949598247,12.900587999989511,mccfed_detection_contribution_metric_K_regularized_federated_unlearning,484.6160888671875,,,,,,,,,,,,,,,,,,,,,,,,,,,,,,,,,,,,,,,,,,,,,,,,,,,,,,,,,,,,,,,,,,,,,,,,,,,,,,,,0;1;2;6;8;9;10;13;17;19,,,,,,,,,,,,,,,,,,,,,,,,,,,,,,,,,,,,,,,,,,,,,,,,,,,,,,,,,,,,,,,,,,,,,,,,,,,,0;1;2;3,0.3,0.75,3,7,1,kmeans_equal_size_farthest_distance_cluster,0:0.866977;1:0.837386;2:0.879954;3:1.044054;4:1.312119;5:1.217756;6:0.788754;7:1.097812;8:0.814457;9:0.920920;10:0.976132;11:1.091556;12:1.239826;13:0.746805;14:1.089238;15:1.140213;16:1.096797;17:0.798175;18:1.059180;19:0.981888,1.3143038749694824,1.2735158443450927,1.3800190687179565,0:1.277009;1:1.278066;2:1.276722;6:1.268227;8:1.270833;9:1.281920;10:1.271734;13:1.266933;17:1.271270;19:1.272446,0.01,1.0,1.0,repel_malicious,10,10,False,-1,10,detected_historical_contribution_removed,3.378621816635132,600,1.314304;1.249765;1.234192;1.232913;1.234752;1.239066;1.244670;1.251951;1.258130;1.265115;1.273516,"round=0,K_before=1.314304,K_after=1.249765,benign_clients=10|round=1,K_before=1.249765,K_after=1.234192,benign_clients=10|round=2,K_before=1.234192,K_after=1.232913,benign_clients=10|round=3,K_before=1.232913,K_after=1.234752,benign_clients=10|round=4,K_before=1.234752,K_after=1.239066,benign_clients=10|round=5,K_before=1.239066,K_after=1.244670,benign_clients=10|round=6,K_before=1.244670,K_after=1.251951,benign_clients=10|round=7,K_before=1.251951,K_after=1.258130,benign_clients=10|round=8,K_before=1.258130,K_after=1.265115,benign_clients=10|round=9,K_before=1.265115,K_after=1.273516,benign_clients=10"
efficiency,Runtime and storage-cost comparison on representative settings.,"runtime_sec, history_storage_mb, method-specific storage fields",fmnist_dirichlet_alpha05_backdoor_square,fmnist,dirichlet,0.5,smallcnn,15000,3000,20,4,60,2,backdoor,1.0,0.7,square,bottom_right,test_split,0.5,Poisoned,0.8326666666666667,0.43276353454589844,0.8783185840707964,138.68986260000383,trained_with_malicious_clients,,,,,,,,,,,,,,,,,,,,,,,,,,,,,,,,,,,,,,,,,,,,,,,,,,,,,,,,,,,,,,,,,,,,,,,,,,,,,,,,,,,,,,,,,,,,,,,,,,,,,,,,,,,,,,,,,,,,,,,,,,,,,,,,,,,,,,,,,,,,,,,,,,,,,,,,,,,,,,,,,,,,,,,,,,,,,,,,,,,,,,
efficiency,Runtime and storage-cost comparison on representative settings.,"runtime_sec, history_storage_mb, method-specific storage fields",fmnist_dirichlet_alpha05_backdoor_square,fmnist,dirichlet,0.5,smallcnn,15000,3000,20,4,60,2,backdoor,1.0,0.7,square,bottom_right,test_split,0.5,RetrainClean,0.834,0.4492627563476562,0.003687315634218289,107.85614109999733,,484.6160888671875,,,,,,,,,,,,,,,,,,,,,,,,,,,,,,,,,,,,,,,,,,,,,,,,,,,,,,,,,,,,,,,,,,,,,,,,,,,,,,,,,,,,,,,,,,,,,,,,,,,,,,,,,,,,,,,,,,,,,,,,,,,,,,,,,,,,,,,,,,,,,,,,,,,,,,,,,,,,,,,,,,,,,,,,,,,,,,,,,,,,,
efficiency,Runtime and storage-cost comparison on representative settings.,"runtime_sec, history_storage_mb, method-specific storage fields",fmnist_dirichlet_alpha05_backdoor_square,fmnist,dirichlet,0.5,smallcnn,15000,3000,20,4,60,2,backdoor,1.0,0.7,square,bottom_right,test_split,0.5,FedRecover,0.844,0.4290924275716146,0.0014749262536873156,67.95611079997616,fedrecover_paper_faithful_lbfgs_warmup_periodic_abnormality_final_tuning,484.6160888671875,20,20,False,10,6,6,2,0.22281552851200104,1e-06,delta,29,31,3,6,476,496,12,0,960,50.41666666666666,,,,,,,,,,,,,,,,,,,,,,,,,,,,,,,,,,,,,,,,,,,,,,,,,,,,,,,,,,,,,,,,,,,,,,,,,,,,,,,,,,,,,,,,,,,,,,,,,,,,,,,,,,,,,,,,,,,,,,,,,,,,,,,,,,,,,,,,,,,,,,,,,,,,,,,,,,,,,,,,,
efficiency,Runtime and storage-cost comparison on representative settings.,"runtime_sec, history_storage_mb, method-specific storage fields",fmnist_dirichlet_alpha05_backdoor_square,fmnist,dirichlet,0.5,smallcnn,15000,3000,20,4,60,2,backdoor,1.0,0.7,square,bottom_right,test_split,0.5,Crab,0.782,0.5514338785807291,0.07817109144542773,79.24865520000458,official_crab_selection_adaptive_rollback_norm_calibrated_update_recovery,484.6160888671875,,,,,,,,,,,,,,,,,,,,,12,0.05,1.3715578466653824,8.985371723771095,34,latest_round_under_cumulative_beta_bound,34,"0,1,2,3,4,6,10,11,12,14,15,16,20,21,22,24,27,28,29,30,31,34,38,39,40,41,42,44,49,50,51,53,55,57",310,8,26,"12:13,17,14,12,11,7,19,15,5,16,6,18,3,9;14:13,17,14,18,12,11,7,15,19,5,3,16,1,10;15:13,14,19,17,7,12,15,11,3,18,4,8,16,1;16:13,19,17,10,9,12,6,5,18,3,4,1,11,14;20:13,17,19,11,1,14,12,6,15,2,0,3,4,9;21:13,17,11,15,19,14,12,1,3,16,4,7,0,2;22:17,13,19,18,1,15,10,3,5,9,14,6,12,8;24:13,17,19,14,12,15,16,18,5,7,8,3,11,4;27:13,17,19,18,15,14,8,4,16,12,1,11,7,5;28:19,13,17,15,14,11,12,9,8,7,4,16,0,3;29:17,13,10,5,19,1,3,16,0,4,9,15,12,6;30:19,17,13,4,12,15,11,6,14,9,7,8,16,1;31:19,17,13,15,12,18,3,1,10,9,14,16,11,6;34:17,9,16,5,19,3,10,6,1,12,2,0,18,14;38:19,13,17,14,15,18,5,16,10,4,1,3,12,7;39:19,17,15,1,4,8,13,14,18,11,3,0,12,10;40:13,19,16,5,12,14,7,17,10,9,18,15,8,4;41:19,17,10,0,12,9,13,6,5,1,11,3,18,15;42:19,11,7,17,13,8,14,6,16,0,9,12,15,1;44:19,14,3,13,17,15,4,12,10,5,1,18,6,2;49:19,13,17,15,11,8,4,12,16,1,18,14,7,5;50:19,13,14,5,18,12,7,8,16,15,17,6,3,4;51:17,9,19,11,3,2,16,0,6,1,12,10,13,15;53:19,11,17,5,15,0,7,13,12,16,8,9,14,3;55:19,17,13,11,8,12,7,14,18,6,5,15,4,0;57:19,13,14,17,15,16,8,12,7,3,11,5,18,4","12:13,17,14,12,11,7,19,15,5,16,6,18,9;14:13,17,14,18,12,11,7,15,19,5,16,10;15:13,14,19,17,7,12,15,11,18,4,8,16;16:13,19,17,10,9,12,6,5,18,4,11,14;20:13,17,19,11,14,12,6,15,4,9;21:13,17,11,15,19,14,12,16,4,7;22:17,13,19,18,15,10,5,9,14,6,12,8;24:13,17,19,14,12,15,16,18,5,7,8,11,4;27:13,17,19,18,15,14,8,4,16,12,11,7,5;28:19,13,17,15,14,11,12,9,8,7,4,16;29:17,13,10,5,19,16,4,9,15,12,6;30:19,17,13,4,12,15,11,6,14,9,7,8,16;31:19,17,13,15,12,18,10,9,14,16,11,6;34:17,9,16,5,19,10,6,12,18,14;38:19,13,17,14,15,18,5,16,10,4,12,7;39:19,17,15,4,8,13,14,18,11,12,10;40:13,19,16,5,12,14,7,17,10,9,18,15,8,4;41:19,17,10,12,9,13,6,5,11,18,15;42:19,11,7,17,13,8,14,6,16,9,12,15;44:19,14,13,17,15,4,12,10,5,18,6;49:19,13,17,15,11,8,4,12,16,18,14,7,5;50:19,13,14,5,18,12,7,8,16,15,17,6,4;51:17,9,19,11,16,6,12,10,13,15;53:19,11,17,5,15,7,13,12,16,8,9,14;55:19,17,13,11,8,12,7,14,18,6,5,15,4;57:19,13,14,17,15,16,8,12,7,11,5,18,4","start=0,end=1,start_loss=2.305198,end_loss=1.954579,selected=0;start=1,end=2,start_loss=1.954579,end_loss=1.435156,selected=1;start=2,end=3,start_loss=1.435156,end_loss=1.146357,selected=2;start=3,end=4,start_loss=1.146357,end_loss=0.974150,selected=3;start=4,end=6,start_loss=0.974150,end_loss=0.811383,selected=4;start=6,end=9,start_loss=0.811383,end_loss=0.701236,selected=6;start=9,end=14,start_loss=0.701236,end_loss=0.620298,selected=10,12,11;start=14,end=20,start_loss=0.620298,end_loss=0.551398,selected=14,15,16;start=20,end=27,start_loss=0.551398,end_loss=0.485608,selected=21,20,22,24;start=27,end=38,start_loss=0.485608,end_loss=0.436378,selected=27,28,30,29,31,34;start=38,end=49,start_loss=0.436378,end_loss=0.392218,selected=38,39,41,42,40,44;start=49,end=59,start_loss=0.392218,end_loss=0.367098,selected=53,49,55,50,51,57",12,2.3051979751586913,0.3670981323917707,0.6,0.7,0.1,detected_malicious_clients,"0,1,2,3",adaptive_rollback_chained_selective_recovery,,,,,,,,,,,,,,,,,,,,,,,,,,,,,,,,,,,,,,,,,,,,,,,,,,,,,,,,,,,,,,,,,,,,,,,,,,,,,,,,,,,,,,,,,,,,,,,,,,,,,,,,,,,,,,,,,,,,,,,,,,,,,,,,,,,,,,,,,,
efficiency,Runtime and storage-cost comparison on representative settings.,"runtime_sec, history_storage_mb, method-specific storage fields",fmnist_dirichlet_alpha05_backdoor_square,fmnist,dirichlet,0.5,smallcnn,15000,3000,20,4,60,2,backdoor,1.0,0.7,square,bottom_right,test_split,0.5,FedUP,0.8153333333333334,0.4828641357421875,0.012536873156342183,16.434278800006723,fedup_algorithm1_algorithm2_detected_clients_autoP_rate_limit_recovery,484.6160888671875,,,,,,,,,,,,,,,,,,,,,,,,,,,,,,,,,,,,,,,,,,,,10,-1000000000,59,1,59,59,local_model_vectors,model,0.9981081254124631,0.9962162508249262,model,0.01,0.15,5.0,context_detector_output,all_clients_minus_detected,record_global_before,4,16,4,16,1,15587,105744,105866,0.1473713433423374,auto_similarity_paper_formula,"{'features.0.weight': 22, 'features.3.weight': 680, 'classifier.1.weight': 14790, 'classifier.3.weight': 95}",9,9,paper_bound_ceil_Rstar_times_P,adam,0.001,2,8892744,8.480781555175781,,,,,,,,,,,,,,,,,,,,,,,,,,,,,,,,,,,,,,,,,,,,,,,,,,,,,,,,,,,,,,,,,,,,,,,,,,,,,,,,,,,,,,,,,,,,,,,,,,,,,,
efficiency,Runtime and storage-cost comparison on representative settings.,"runtime_sec, history_storage_mb, method-specific storage fields",fmnist_dirichlet_alpha05_backdoor_square,fmnist,dirichlet,0.5,smallcnn,15000,3000,20,4,60,2,backdoor,1.0,0.7,square,bottom_right,test_split,0.5,FedSweep,0.8186666666666667,0.4937495625813802,0.05457227138643068,5.01573479999206,strict_v3_1_fedsweep_trigger_inversion_entropy_credit_weighted_kmeans_feature_unlearning_formal_aggregation,484.6160888671875,,,,,,,,,,,,,,,,,,,,,,,,,,,,,,,,,,,,,,,,,,,,,,,,,,,,,,,,,,,,,,,,,,,,,,,,,,,,,,,,0;1;2;3;9;11;19,0;1;2;3,0.5714285714285714,1.0,4,3,0,0:0.060380;1:0.005930;2:0.022891;3:0.015422;4:0.200691;5:0.276210;6:0.152484;7:0.192124;8:0.176031;9:0.126018;10:0.176848;11:0.109017;12:0.166342;13:0.208889;14:0.259564;15:0.220516;16:0.275314;17:0.219055;18:0.181052;19:0.127354,0:0.201;1:0.000;2:0.063;3:0.035;4:0.721;5:1.000;6:0.542;7:0.689;8:0.629;9:0.444;10:0.632;11:0.381;12:0.594;13:0.751;14:0.938;15:0.794;16:0.997;17:0.789;18:0.648;19:0.449,0:0;1:0;2:0;3:0;4:1;5:1;6:1;7:1;8:1;9:0;10:1;11:0;12:1;13:1;14:1;15:1;16:1;17:1;18:1;19:0,0:0.900;1:0.900;2:0.900;3:0.900;4:1.000;5:1.000;6:1.000;7:1.000;8:1.000;9:0.900;10:1.000;11:0.900;12:1.000;13:1.000;14:1.000;15:1.000;16:1.000;17:1.000;18:1.000;19:0.900,0.2531353831291199,0.23853328824043274,0.01460209023207426,14.602089881896973,0.010348946787416935,0.018625114113092422,0.9799197316169739,16,patch,bottom_right,feature_and_sample_weight,1,7,2,0.003,0.3,2.0,59,-1,59,20,stored_history_record,public_clean_loader,,,,,,,,,,,,,,,,,,,,,,,,,,,,,,,,,,,,,,,,,,,,,,,,,,,,,,,,,,,,,,,,,,,,
efficiency,Runtime and storage-cost comparison on representative settings.,"runtime_sec, history_storage_mb, method-specific storage fields",fmnist_dirichlet_alpha05_backdoor_square,fmnist,dirichlet,0.5,smallcnn,15000,3000,20,4,60,2,backdoor,1.0,0.7,square,bottom_right,test_split,0.5,UnlearningBackdoor,0.81,0.47950671895345054,0.008849557522123894,0.7531770000059623,paper_faithful_historical_update_subtraction_plus_clean_kd,484.6160888671875,,,,,,,,,,,,,,,,,,,,,,,,,,,,,,,,,,,,,,,,,,,,,,,,,,,,,,,,,,,,,,,,,,,,,,,,,,,,,,,,,,,,,,,,,,,,,,,,,,,,,,,,,,,,,,,,,,UL-Subtract,UL-Distill,1.0,2.0,4,0.02,sgd,96,0.6273320831824094,0.6273320831824094,0.0,0.3453333333333333,13.191173665364584,0.0,0;1;2;3,detected_malicious_clients,,240.0,60.0,3.735992539441213,2.8264358043670654,4.0,0.5306219458580017,1.2978721857070923,0.3188157081604004,0.9085448384284973,,,,,,,,,,,,,,,,,,,,,,,,,,,,,,,,,,,,,,,,,,
efficiency,Runtime and storage-cost comparison on representative settings.,"runtime_sec, history_storage_mb, method-specific storage fields",fmnist_dirichlet_alpha05_backdoor_square,fmnist,dirichlet,0.5,smallcnn,15000,3000,20,4,60,2,backdoor,1.0,0.7,square,bottom_right,test_split,0.5,FAST,0.8366666666666667,0.41902356974283855,0.806047197640118,1.0083029999805149,fast_sequential_malicious_update_subtraction_over_unlearning_judge_benchmark_extra_training,484.6160888671875,,,,,,,,,,,,,,,,,,,,,,,,,,,,,,,,,,,,,,,,,,,,,,,,,,,,,,,,,,,,,,,,,,,,,,,,,,,,,,,,,,,,,,,,,,,,,,,,,,,,,,,,,,,,,,,,,,,,,,,,,,,,,,,,,,,,,,,,,,,,forward,0,0.01,2,3,1,2,0.23908862471580505,0.82,0.4626146901448568,"r=0,N=20,J=4,norm=0.142715,prev_acc=0.847333,cur_acc=0.832000,accepted=0,stopped=0;r=1,N=20,J=4,norm=0.12593,prev_acc=0.832000,cur_acc=0.820000,accepted=0,stopped=0;r=2,N=20,J=4,norm=0.14956,prev_acc=0.820000,cur_acc=0.799333,accepted=0,stopped=1",0;1;2;3,detected_malicious_clients,4,0.02,sgd,,,,,,,,,,,,,,,,,,,,,,,,,,
efficiency,Runtime and storage-cost comparison on representative settings.,"runtime_sec, history_storage_mb, method-specific storage fields",fmnist_dirichlet_alpha05_backdoor_square,fmnist,dirichlet,0.5,smallcnn,15000,3000,20,4,60,2,backdoor,1.0,0.7,square,bottom_right,test_split,0.5,MCCFed,0.8286666666666667,0.46191129048665364,0.7964601769911505,17.972363100008806,mccfed_detection_contribution_metric_K_regularized_federated_unlearning,484.6160888671875,,,,,,,,,,,,,,,,,,,,,,,,,,,,,,,,,,,,,,,,,,,,,,,,,,,,,,,,,,,,,,,,,,,,,,,,,,,,,,,,9;16;19,,,,,,,,,,,,,,,,,,,,,,,,,,,,,,,,,,,,,,,,,,,,,,,,,,,,,,,,,,,,,,,,,,,,,,,,,,,,0;1;2;3,0.0,0.0,0,3,4,kmeans_malicious_minority_distance_cluster,0:0.998590;1:1.067899;2:1.081580;3:1.048137;4:0.957840;5:1.030159;6:0.965144;7:0.807943;8:0.728376;9:1.211402;10:0.843598;11:1.044148;12:0.880930;13:0.996466;14:0.900333;15:0.865125;16:1.415921;17:0.929136;18:0.770698;19:1.456575,1.393865426381429,1.42237385114034,1.4635586977005004,9:1.428666;16:1.421471;19:1.416984,0.01,1.0,1.0,repel_malicious,10,10,False,-1,17,detected_historical_contribution_removed,2.913553476333618,180,1.393865;1.351721;1.349368;1.355574;1.363252;1.371826;1.381457;1.391112;1.401631;1.411831;1.422374,"round=0,K_before=1.393865,K_after=1.351721,benign_clients=17|round=1,K_before=1.351721,K_after=1.349368,benign_clients=17|round=2,K_before=1.349368,K_after=1.355574,benign_clients=17|round=3,K_before=1.355574,K_after=1.363252,benign_clients=17|round=4,K_before=1.363252,K_after=1.371826,benign_clients=17|round=5,K_before=1.371826,K_after=1.381457,benign_clients=17|round=6,K_before=1.381457,K_after=1.391112,benign_clients=17|round=7,K_before=1.391112,K_after=1.401631,benign_clients=17|round=8,K_before=1.401631,K_after=1.411831,benign_clients=17|round=9,K_before=1.411831,K_after=1.422374,benign_clients=17"
efficiency,Runtime and storage-cost comparison on representative settings.,"runtime_sec, history_storage_mb, method-specific storage fields",cifar10_dirichlet_alpha05_backdoor_square,cifar10,dirichlet,0.5,smallcnn,12000,3000,20,4,40,2,backdoor,1.0,0.7,square,bottom_right,test_split,0.5,Poisoned,0.49933333333333335,1.4767972005208334,0.8937592867756315,85.94635949999793,trained_with_malicious_clients,,,,,,,,,,,,,,,,,,,,,,,,,,,,,,,,,,,,,,,,,,,,,,,,,,,,,,,,,,,,,,,,,,,,,,,,,,,,,,,,,,,,,,,,,,,,,,,,,,,,,,,,,,,,,,,,,,,,,,,,,,,,,,,,,,,,,,,,,,,,,,,,,,,,,,,,,,,,,,,,,,,,,,,,,,,,,,,,,,,,,,
efficiency,Runtime and storage-cost comparison on representative settings.,"runtime_sec, history_storage_mb, method-specific storage fields",cifar10_dirichlet_alpha05_backdoor_square,cifar10,dirichlet,0.5,smallcnn,12000,3000,20,4,40,2,backdoor,1.0,0.7,square,bottom_right,test_split,0.5,RetrainClean,0.49666666666666665,1.4433109741210937,0.05646359583952452,56.91583929999615,,417.706298828125,,,,,,,,,,,,,,,,,,,,,,,,,,,,,,,,,,,,,,,,,,,,,,,,,,,,,,,,,,,,,,,,,,,,,,,,,,,,,,,,,,,,,,,,,,,,,,,,,,,,,,,,,,,,,,,,,,,,,,,,,,,,,,,,,,,,,,,,,,,,,,,,,,,,,,,,,,,,,,,,,,,,,,,,,,,,,,,,,,,,,
efficiency,Runtime and storage-cost comparison on representative settings.,"runtime_sec, history_storage_mb, method-specific storage fields",cifar10_dirichlet_alpha05_backdoor_square,cifar10,dirichlet,0.5,smallcnn,12000,3000,20,4,40,2,backdoor,1.0,0.7,square,bottom_right,test_split,0.5,FedRecover,0.48,1.5111451009114583,0.0512630014858841,53.98018549999688,fedrecover_paper_faithful_lbfgs_warmup_periodic_abnormality_final_tuning,417.706298828125,20,20,False,10,6,6,2,0.21101343631744385,1e-06,delta,27,13,1,6,444,208,12,0,640,30.624999999999996,,,,,,,,,,,,,,,,,,,,,,,,,,,,,,,,,,,,,,,,,,,,,,,,,,,,,,,,,,,,,,,,,,,,,,,,,,,,,,,,,,,,,,,,,,,,,,,,,,,,,,,,,,,,,,,,,,,,,,,,,,,,,,,,,,,,,,,,,,,,,,,,,,,,,,,,,,,,,,,,,
efficiency,Runtime and storage-cost comparison on representative settings.,"runtime_sec, history_storage_mb, method-specific storage fields",cifar10_dirichlet_alpha05_backdoor_square,cifar10,dirichlet,0.5,smallcnn,12000,3000,20,4,40,2,backdoor,1.0,0.7,square,bottom_right,test_split,0.5,Crab,0.4046666666666667,1.7376278483072916,0.0512630014858841,50.53752130002249,official_crab_selection_adaptive_rollback_norm_calibrated_update_recovery,417.706298828125,,,,,,,,,,,,,,,,,,,,,3,0.05,1.9476903267204762,6.041421502828598,22,latest_round_under_cumulative_beta_bound,22,"3,4,5,6,7,8,11,12,14,15,18,20,21,22,24,25,31,32,34,35,36,37",252,0,22,"3:17,6,4,9,8,12,16,10,11,13,15,18,1,2;4:6,17,9,4,8,10,16,12,13,15,11,2,18,1;5:6,17,4,9,16,8,10,11,12,13,14,15,2,18;6:17,9,16,4,12,8,11,6,13,10,15,2,0,3;7:6,17,4,10,12,8,9,16,13,15,2,14,11,1;8:6,17,4,12,16,9,8,15,13,1,18,14,0,2;11:6,4,17,9,16,10,12,13,8,2,0,3,1,7;12:6,16,17,4,9,3,0,1,12,8,10,2,7,5;14:17,4,9,6,16,10,12,3,1,8,13,2,0,11;15:6,4,17,16,9,10,2,8,12,1,7,13,0,3;18:17,6,16,9,4,12,10,8,2,11,1,3,13,0;20:17,6,4,9,8,16,11,10,2,1,12,0,3,13;21:4,17,6,16,13,12,8,5,10,9,15,7,19,14;22:4,6,17,8,16,9,14,2,13,11,1,0,12,3;24:6,17,4,8,10,9,16,13,12,15,3,5,1,2;25:4,6,8,17,9,13,15,11,0,16,10,1,2,12;31:13,6,16,12,17,11,10,15,4,9,8,7,14,0;32:17,6,4,8,16,9,13,12,10,5,18,1,11,3;34:17,16,6,4,10,14,8,12,9,13,11,3,0,15;35:6,8,4,17,16,15,7,9,10,11,19,5,12,0;36:17,6,4,9,11,8,16,10,13,14,12,7,2,3;37:6,17,4,8,11,16,9,10,13,12,15,0,14,19","3:17,6,4,9,8,12,16,10,11,13,15,18;4:6,17,9,4,8,10,16,12,13,15,11,18;5:6,17,4,9,16,8,10,11,12,13,14,15,18;6:17,9,16,4,12,8,11,6,13,10,15;7:6,17,4,10,12,8,9,16,13,15,14,11;8:6,17,4,12,16,9,8,15,13,18,14;11:6,4,17,9,16,10,12,13,8,7;12:6,16,17,4,9,12,8,10,7,5;14:17,4,9,6,16,10,12,8,13,11;15:6,4,17,16,9,10,8,12,7,13;18:17,6,16,9,4,12,10,8,11,13;20:17,6,4,9,8,16,11,10,12,13;21:4,17,6,16,13,12,8,5,10,9,15,7,19,14;22:4,6,17,8,16,9,14,13,11,12;24:6,17,4,8,10,9,16,13,12,15,5;25:4,6,8,17,9,13,15,11,16,10,12;31:13,6,16,12,17,11,10,15,4,9,8,7,14;32:17,6,4,8,16,9,13,12,10,5,18,11;34:17,16,6,4,10,14,8,12,9,13,11,15;35:6,8,4,17,16,15,7,9,10,11,19,5,12;36:17,6,4,9,11,8,16,10,13,14,12,7;37:6,17,4,8,11,16,9,10,13,12,15,14,19","start=0,end=10,start_loss=2.304668,end_loss=2.042263,selected=7,8,4,5,6,3;start=10,end=18,start_loss=2.042263,end_loss=1.815340,selected=15,12,14,11;start=18,end=29,start_loss=1.815340,end_loss=1.593024,selected=22,24,25,18,21,20;start=29,end=39,start_loss=1.593024,end_loss=1.462711,selected=37,31,34,36,35,32",4,2.304668218692144,1.4627113387982051,0.6,0.7,0.1,detected_malicious_clients,"0,1,2,3",adaptive_rollback_chained_selective_recovery,,,,,,,,,,,,,,,,,,,,,,,,,,,,,,,,,,,,,,,,,,,,,,,,,,,,,,,,,,,,,,,,,,,,,,,,,,,,,,,,,,,,,,,,,,,,,,,,,,,,,,,,,,,,,,,,,,,,,,,,,,,,,,,,,,,,,,,,,,
efficiency,Runtime and storage-cost comparison on representative settings.,"runtime_sec, history_storage_mb, method-specific storage fields",cifar10_dirichlet_alpha05_backdoor_square,cifar10,dirichlet,0.5,smallcnn,12000,3000,20,4,40,2,backdoor,1.0,0.7,square,bottom_right,test_split,0.5,FedUP,0.414,1.6327884114583333,0.12035661218424963,9.66449460000149,fedup_algorithm1_algorithm2_detected_clients_autoP_rate_limit_recovery,417.706298828125,,,,,,,,,,,,,,,,,,,,,,,,,,,,,,,,,,,,,,,,,,,,10,-1000000000,39,1,39,39,local_model_vectors,model,0.992362535392046,0.984725070784092,model,0.01,0.15,5.0,context_detector_output,all_clients_minus_detected,record_global_before,4,16,4,16,1,19097,136752,136874,0.13962925078877864,auto_similarity_paper_formula,"{'features.0.weight': 61, 'features.3.weight': 644, 'classifier.1.weight': 18302, 'classifier.3.weight': 90}",6,6,paper_bound_ceil_Rstar_times_P,adam,0.001,2,11497416,10.964790344238281,,,,,,,,,,,,,,,,,,,,,,,,,,,,,,,,,,,,,,,,,,,,,,,,,,,,,,,,,,,,,,,,,,,,,,,,,,,,,,,,,,,,,,,,,,,,,,,,,,,,,,
efficiency,Runtime and storage-cost comparison on representative settings.,"runtime_sec, history_storage_mb, method-specific storage fields",cifar10_dirichlet_alpha05_backdoor_square,cifar10,dirichlet,0.5,smallcnn,12000,3000,20,4,40,2,backdoor,1.0,0.7,square,bottom_right,test_split,0.5,FedSweep,0.4746666666666667,1.521294230143229,0.14190193164933135,5.782663700025296,strict_v3_1_fedsweep_trigger_inversion_entropy_credit_weighted_kmeans_feature_unlearning_formal_aggregation,417.706298828125,,,,,,,,,,,,,,,,,,,,,,,,,,,,,,,,,,,,,,,,,,,,,,,,,,,,,,,,,,,,,,,,,,,,,,,,,,,,,,,,2;18;0;3;11;1;13,0;1;2;3,0.5714285714285714,1.0,4,3,0,0:0.099462;1:0.181462;2:0.081192;3:0.127485;4:0.634140;5:0.684106;6:0.917118;7:0.738977;8:0.512143;9:0.660019;10:1.049860;11:0.158252;12:0.898833;13:0.288703;14:0.525018;15:0.863539;16:0.504548;17:0.900082;18:0.094746;19:0.977617,0:0.019;1:0.104;2:0.000;3:0.048;4:0.571;5:0.622;6:0.863;7:0.679;8:0.445;9:0.598;10:1.000;11:0.080;12:0.844;13:0.214;14:0.458;15:0.808;16:0.437;17:0.845;18:0.014;19:0.925,0:0;1:0;2:0;3:0;4:1;5:1;6:1;7:1;8:0;9:1;10:1;11:0;12:1;13:0;14:0;15:1;16:0;17:1;18:0;19:1,0:0.900;1:0.900;2:0.900;3:0.900;4:1.000;5:1.000;6:1.000;7:1.000;8:1.000;9:1.000;10:1.000;11:0.900;12:1.000;13:0.900;14:1.000;15:1.000;16:1.000;17:1.000;18:0.900;19:1.000,0.3526632487773895,0.3279079794883728,0.024755258113145828,24.75525665283203,0.0071710399352014065,0.008058352395892143,0.8711279034614563,48,patch,bottom_right,feature_and_sample_weight,1,7,2,0.003,0.3,2.0,39,-1,39,20,stored_history_record,public_clean_loader,,,,,,,,,,,,,,,,,,,,,,,,,,,,,,,,,,,,,,,,,,,,,,,,,,,,,,,,,,,,,,,,,,,,
efficiency,Runtime and storage-cost comparison on representative settings.,"runtime_sec, history_storage_mb, method-specific storage fields",cifar10_dirichlet_alpha05_backdoor_square,cifar10,dirichlet,0.5,smallcnn,12000,3000,20,4,40,2,backdoor,1.0,0.7,square,bottom_right,test_split,0.5,UnlearningBackdoor,0.43466666666666665,1.6319876505533855,0.04309063893016345,0.7143029999861028,paper_faithful_historical_update_subtraction_plus_clean_kd,417.706298828125,,,,,,,,,,,,,,,,,,,,,,,,,,,,,,,,,,,,,,,,,,,,,,,,,,,,,,,,,,,,,,,,,,,,,,,,,,,,,,,,,,,,,,,,,,,,,,,,,,,,,,,,,,,,,,,,,,UL-Subtract,UL-Distill,1.0,2.0,4,0.02,sgd,96,0.3836969188414514,0.3836969188414514,0.0,0.126,4.942162109375,0.0,0;1;2;3,detected_malicious_clients,,160.0,40.0,4.0330832144245505,2.9558539390563965,4.0,1.2554363012313843,0.5593439936637878,0.9386850595474243,0.6042707562446594,,,,,,,,,,,,,,,,,,,,,,,,,,,,,,,,,,,,,,,,,,
efficiency,Runtime and storage-cost comparison on representative settings.,"runtime_sec, history_storage_mb, method-specific storage fields",cifar10_dirichlet_alpha05_backdoor_square,cifar10,dirichlet,0.5,smallcnn,12000,3000,20,4,40,2,backdoor,1.0,0.7,square,bottom_right,test_split,0.5,FAST,0.49,1.4762753702799478,0.7726597325408618,1.124141000007512,fast_sequential_malicious_update_subtraction_over_unlearning_judge_benchmark_extra_training,417.706298828125,,,,,,,,,,,,,,,,,,,,,,,,,,,,,,,,,,,,,,,,,,,,,,,,,,,,,,,,,,,,,,,,,,,,,,,,,,,,,,,,,,,,,,,,,,,,,,,,,,,,,,,,,,,,,,,,,,,,,,,,,,,,,,,,,,,,,,,,,,,,forward,0,0.01,4,5,1,4,0.3654301166534424,0.41733333333333333,1.5869548772176107,"r=0,N=20,J=4,norm=0.121432,prev_acc=0.464000,cur_acc=0.452667,accepted=0,stopped=0;r=1,N=20,J=4,norm=0.0930547,prev_acc=0.452667,cur_acc=0.443333,accepted=1,stopped=0;r=2,N=20,J=4,norm=0.0891801,prev_acc=0.443333,cur_acc=0.432000,accepted=0,stopped=0;r=3,N=20,J=4,norm=0.0899615,prev_acc=0.432000,cur_acc=0.417333,accepted=0,stopped=0;r=4,N=20,J=4,norm=0.0926816,prev_acc=0.417333,cur_acc=0.400667,accepted=0,stopped=1",0;1;2;3,detected_malicious_clients,4,0.02,sgd,,,,,,,,,,,,,,,,,,,,,,,,,,
efficiency,Runtime and storage-cost comparison on representative settings.,"runtime_sec, history_storage_mb, method-specific storage fields",cifar10_dirichlet_alpha05_backdoor_square,cifar10,dirichlet,0.5,smallcnn,12000,3000,20,4,40,2,backdoor,1.0,0.7,square,bottom_right,test_split,0.5,MCCFed,0.4026666666666667,1.6226223347981772,0.4086181277860327,10.627295199985383,mccfed_detection_contribution_metric_K_regularized_federated_unlearning,417.706298828125,,,,,,,,,,,,,,,,,,,,,,,,,,,,,,,,,,,,,,,,,,,,,,,,,,,,,,,,,,,,,,,,,,,,,,,,,,,,,,,,1;3;4;5;6;7;9;16;17;19,,,,,,,,,,,,,,,,,,,,,,,,,,,,,,,,,,,,,,,,,,,,,,,,,,,,,,,,,,,,,,,,,,,,,,,,,,,,0;1;2;3,0.2,0.5,2,8,2,kmeans_equal_size_farthest_distance_cluster,0:1.109761;1:0.816616;2:1.022974;3:0.910097;4:0.953927;5:0.861646;6:0.945540;7:0.902938;8:1.065293;9:0.844416;10:1.113918;11:1.132757;12:1.118801;13:1.144221;14:1.381997;15:1.031782;16:0.768863;17:0.982747;18:1.156135;19:0.735569,1.2118762254714965,1.2891751885414124,1.2724700367450714,1:1.283857;3:1.285522;4:1.287203;5:1.294692;6:1.294309;7:1.280087;9:1.290397;16:1.286879;17:1.298910;19:1.289895,0.01,1.0,1.0,repel_malicious,10,10,True,9,10,detected_historical_contribution_removed,3.744441270828247,400,1.211876;1.186968;1.181955;1.185111;1.192922;1.203143;1.217511;1.233812;1.251070;1.268641;1.289175,"round=0,K_before=1.211876,K_after=1.186968,benign_clients=10|round=1,K_before=1.186968,K_after=1.181955,benign_clients=10|round=2,K_before=1.181955,K_after=1.185111,benign_clients=10|round=3,K_before=1.185111,K_after=1.192922,benign_clients=10|round=4,K_before=1.192922,K_after=1.203143,benign_clients=10|round=5,K_before=1.203143,K_after=1.217511,benign_clients=10|round=6,K_before=1.217511,K_after=1.233812,benign_clients=10|round=7,K_before=1.233812,K_after=1.251070,benign_clients=10|round=8,K_before=1.251070,K_after=1.268641,benign_clients=10|round=9,K_before=1.268641,K_after=1.289175,benign_clients=10"
